Epoch,| bandwidth,d_loss,d_msstftd,adv_msstftd,feat_msstftd,l1,msspec,penalty,ratio1,g_loss,ratio2,mel,sisnr,adv,feat,duration,| sisnr,| duration
1,1.1,1.856,1.856,0.295,0.027,0.053,0.692,0.39,3.663,71.49,1250.456,1.37,27.802,0.295,0.027,578.89,,
1,1.1,,,0.374,0.038,0.045,0.255,,,,,0.827,25.856,0.374,0.038,188.421,,
2,1.1,1.672,1.672,0.528,0.031,0.041,0.154,0.064,0.156,7.083,275.819,0.603,18.311,0.528,0.031,515.151,,
2,1.1,,,0.454,0.024,0.033,0.104,,,,,0.485,8.638,0.454,0.024,155.248,,
3,1.1,1.538,1.538,0.547,0.025,0.026,0.086,0.098,0.178,3.314,68.502,0.441,2.608,0.547,0.025,525.749,,
3,1.1,,,0.145,0.022,0.022,0.07,,,,,0.393,-1.339,0.145,0.022,175.307,,
4,1.1,1.441,1.441,0.574,0.024,0.022,0.065,0.131,0.212,2.676,41.947,0.381,-1.176,0.574,0.024,484.937,,
4,1.1,,,0.283,0.022,0.02,0.057,,,,,0.348,-2.62,0.283,0.022,140.365,,
5,1.1,1.339,1.339,0.623,0.024,0.02,0.056,0.151,0.223,2.452,32.04,0.35,-1.961,0.623,0.024,467.266,,
5,1.1,,,0.479,0.021,0.019,0.051,,,,,0.324,-3.147,0.479,0.021,164.946,,
6,1.1,1.248,1.248,0.68,0.023,0.02,0.051,0.168,0.234,2.298,25.397,0.331,-2.402,0.68,0.023,472.875,,
6,1.1,,,0.713,0.021,0.018,0.047,,,,,0.307,-3.453,0.713,0.021,160.661,,
7,1.1,1.158,1.158,0.75,0.023,0.019,0.047,0.181,0.237,2.2,19.897,0.316,-2.738,0.75,0.023,472.683,,
7,1.1,,,0.85,0.021,0.018,0.045,,,,,0.298,-3.721,0.85,0.021,154.113,,
8,1.1,1.082,1.082,0.824,0.023,0.019,0.045,0.193,0.242,2.114,16.57,0.306,-2.993,0.824,0.023,466.137,,
8,1.1,,,0.734,0.022,0.018,0.043,,,,,0.29,-3.915,0.734,0.022,144.61,,
9,1.1,1.015,1.015,0.9,0.023,0.018,0.043,0.199,0.244,2.05,14.095,0.298,-3.268,0.9,0.023,489.228,,
9,1.1,,,0.65,0.022,0.017,0.042,,,,,0.282,-4.141,0.65,0.022,153.781,,
10,1.1,0.951,0.951,0.983,0.023,0.018,0.042,0.204,0.248,2.009,13.106,0.292,-3.512,0.983,0.023,480.709,,
10,1.1,,,0.69,0.023,0.017,0.04,,,,,0.276,-4.274,0.69,0.023,140.49,,
11,1.1,0.908,0.908,1.051,0.023,0.018,0.04,0.208,0.246,1.963,12.498,0.286,-3.66,1.051,0.023,468.928,,
11,1.1,,,0.966,0.022,0.017,0.04,,,,,0.273,-4.427,0.966,0.022,168.016,,
12,1.1,0.871,0.871,1.119,0.023,0.017,0.039,0.214,0.248,1.937,12.231,0.282,-3.791,1.119,0.023,475.718,,
12,1.1,,,1.005,0.023,0.017,0.039,,,,,0.27,-4.563,1.005,0.023,169.059,,
13,1.1,0.836,0.836,1.187,0.023,0.017,0.038,0.219,0.247,1.907,11.964,0.279,-3.944,1.187,0.023,515.216,,
13,1.1,,,1.08,0.022,0.017,0.038,,,,,0.267,-4.667,1.08,0.022,108.915,,
14,,,,,,,,,,,,,,,,,,
14,,,,,,,,,,,,,,,,,,
14,,,,,,,,,,,,,,,,,,
14,,,,,,,,,,,,,,,,,,
14,,,,,,,,,,,,,,,,,,
14,,,,,,,,,,,,,,,,,,
14,,,,,,,,,,,,,,,,,,
14,,,,,,,,,,,,,,,,,,
14,,,,,,,,,,,,,,,,,,
14,1.1,0.814,0.814,1.236,0.023,0.017,0.038,0.224,0.248,1.891,11.962,0.276,-4.021,1.236,0.023,734.301,,
14,,,,,,,,,,,,,,,,,,
14,,,,,,,,,,,,,,,,,,
14,,,,,,,,,,,,,,,,,,
14,,,,,,,,,,,,,,,,,,
14,,,,,,,,,,,,,,,,,,
14,,,,,,,,,,,,,,,,,,
14,,,,,,,,,,,,,,,,,,
14,,,,,,,,,,,,,,,,,,
14,,,,,,,,,,,,,,,,,,
14,,,,,,,,,,,,,,,,,,
14,1.1,,,1.151,0.022,0.016,0.038,,,,,0.265,-4.778,1.151,0.022,100.155,,
15,,,,,,,,,,,,,,,,,,
15,,,,,,,,,,,,,,,,,,
15,,,,,,,,,,,,,,,,,,
15,,,,,,,,,,,,,,,,,,
15,,,,,,,,,,,,,,,,,,
15,,,,,,,,,,,,,,,,,,
15,,,,,,,,,,,,,,,,,,
15,,,,,,,,,,,,,,,,,,
15,,,,,,,,,,,,,,,,,,
15,1.1,0.8,0.8,1.273,0.023,0.017,0.037,0.227,0.247,1.879,12.099,0.274,-4.117,1.273,0.023,702.216,,
15,,,,,,,,,,,,,,,,,,
15,,,,,,,,,,,,,,,,,,
15,,,,,,,,,,,,,,,,,,
15,,,,,,,,,,,,,,,,,,
15,,,,,,,,,,,,,,,,,,
15,,,,,,,,,,,,,,,,,,
15,,,,,,,,,,,,,,,,,,
15,,,,,,,,,,,,,,,,,,
15,,,,,,,,,,,,,,,,,,
15,,,,,,,,,,,,,,,,,,
15,1.1,,,1.021,0.023,0.016,0.037,,,,,0.264,-4.855,1.021,0.023,124.715,,
16,,,,,,,,,,,,,,,,,,
16,,,,,,,,,,,,,,,,,,
16,,,,,,,,,,,,,,,,,,
16,,,,,,,,,,,,,,,,,,
16,,,,,,,,,,,,,,,,,,
16,,,,,,,,,,,,,,,,,,
16,,,,,,,,,,,,,,,,,,
16,,,,,,,,,,,,,,,,,,
16,,,,,,,,,,,,,,,,,,
16,1.1,0.786,0.786,1.307,0.023,0.017,0.037,0.231,0.246,1.864,11.8,0.273,-4.231,1.307,0.023,699.521,,
16,,,,,,,,,,,,,,,,,,
16,,,,,,,,,,,,,,,,,,
16,,,,,,,,,,,,,,,,,,
16,,,,,,,,,,,,,,,,,,
16,,,,,,,,,,,,,,,,,,
16,,,,,,,,,,,,,,,,,,
16,,,,,,,,,,,,,,,,,,
16,,,,,,,,,,,,,,,,,,
16,,,,,,,,,,,,,,,,,,
16,,,,,,,,,,,,,,,,,,
16,1.1,,,0.963,0.022,0.016,0.037,,,,,0.263,-4.922,0.963,0.022,103.208,,
17,,,,,,,,,,,,,,,,,,
17,,,,,,,,,,,,,,,,,,
17,,,,,,,,,,,,,,,,,,
17,,,,,,,,,,,,,,,,,,
17,,,,,,,,,,,,,,,,,,
17,,,,,,,,,,,,,,,,,,
17,,,,,,,,,,,,,,,,,,
17,,,,,,,,,,,,,,,,,,
17,,,,,,,,,,,,,,,,,,
17,1.1,0.769,0.769,1.348,0.023,0.017,0.036,0.233,0.245,1.842,11.506,0.27,-4.346,1.348,0.023,687.686,,
17,,,,,,,,,,,,,,,,,,
17,,,,,,,,,,,,,,,,,,
17,,,,,,,,,,,,,,,,,,
17,,,,,,,,,,,,,,,,,,
17,,,,,,,,,,,,,,,,,,
17,,,,,,,,,,,,,,,,,,
17,,,,,,,,,,,,,,,,,,
17,,,,,,,,,,,,,,,,,,
17,,,,,,,,,,,,,,,,,,
17,,,,,,,,,,,,,,,,,,
17,1.1,,,1.47,0.021,0.016,0.036,,,,,0.261,-4.988,1.47,0.021,130.419,,
18,,,,,,,,,,,,,,,,,,
18,,,,,,,,,,,,,,,,,,
18,,,,,,,,,,,,,,,,,,
18,,,,,,,,,,,,,,,,,,
18,,,,,,,,,,,,,,,,,,
18,,,,,,,,,,,,,,,,,,
18,,,,,,,,,,,,,,,,,,
18,,,,,,,,,,,,,,,,,,
18,,,,,,,,,,,,,,,,,,
18,1.1,0.759,0.759,1.374,0.023,0.017,0.036,0.237,0.245,1.834,11.295,0.269,-4.426,1.374,0.023,757.237,,
18,,,,,,,,,,,,,,,,,,
18,,,,,,,,,,,,,,,,,,
18,,,,,,,,,,,,,,,,,,
18,,,,,,,,,,,,,,,,,,
18,,,,,,,,,,,,,,,,,,
18,,,,,,,,,,,,,,,,,,
18,,,,,,,,,,,,,,,,,,
18,,,,,,,,,,,,,,,,,,
18,,,,,,,,,,,,,,,,,,
18,,,,,,,,,,,,,,,,,,
18,1.1,,,0.983,0.023,0.016,0.036,,,,,0.261,-5.034,0.983,0.023,320.787,,
19,,,,,,,,,,,,,,,,,,
19,,,,,,,,,,,,,,,,,,
19,,,,,,,,,,,,,,,,,,
19,,,,,,,,,,,,,,,,,,
19,,,,,,,,,,,,,,,,,,
19,,,,,,,,,,,,,,,,,,
19,,,,,,,,,,,,,,,,,,
19,,,,,,,,,,,,,,,,,,
19,,,,,,,,,,,,,,,,,,
19,1.1,0.753,0.753,1.4,0.023,0.016,0.035,0.24,0.244,1.817,11.245,0.268,-4.513,1.4,0.023,812.912,,
19,,,,,,,,,,,,,,,,,,
19,,,,,,,,,,,,,,,,,,
19,,,,,,,,,,,,,,,,,,
19,,,,,,,,,,,,,,,,,,
19,,,,,,,,,,,,,,,,,,
19,,,,,,,,,,,,,,,,,,
19,,,,,,,,,,,,,,,,,,
19,,,,,,,,,,,,,,,,,,
19,,,,,,,,,,,,,,,,,,
19,,,,,,,,,,,,,,,,,,
19,1.1,,,1.323,0.023,0.016,0.036,,,,,0.261,-5.095,1.323,0.023,414.929,,
20,,,,,,,,,,,,,,,,,,
20,,,,,,,,,,,,,,,,,,
20,,,,,,,,,,,,,,,,,,
20,,,,,,,,,,,,,,,,,,
20,,,,,,,,,,,,,,,,,,
20,,,,,,,,,,,,,,,,,,
20,,,,,,,,,,,,,,,,,,
20,,,,,,,,,,,,,,,,,,
20,,,,,,,,,,,,,,,,,,
20,1.1,0.738,0.738,1.435,0.023,0.016,0.035,0.245,0.244,1.811,10.857,0.267,-4.573,1.435,0.023,1009.29,,
20,,,,,,,,,,,,,,,,,,
20,,,,,,,,,,,,,,,,,,
20,,,,,,,,,,,,,,,,,,
20,,,,,,,,,,,,,,,,,,
20,,,,,,,,,,,,,,,,,,
20,,,,,,,,,,,,,,,,,,
20,,,,,,,,,,,,,,,,,,
20,,,,,,,,,,,,,,,,,,
20,,,,,,,,,,,,,,,,,,
20,,,,,,,,,,,,,,,,,,
20,1.1,,,1.612,0.022,0.016,0.036,,,,,0.26,-5.151,1.612,0.022,415.986,,
21,,,,,,,,,,,,,,,,,,
21,,,,,,,,,,,,,,,,,,
21,,,,,,,,,,,,,,,,,,
21,,,,,,,,,,,,,,,,,,
21,,,,,,,,,,,,,,,,,,
21,,,,,,,,,,,,,,,,,,
21,,,,,,,,,,,,,,,,,,
21,,,,,,,,,,,,,,,,,,
21,,,,,,,,,,,,,,,,,,
21,1.1,0.729,0.729,1.462,0.023,0.016,0.034,0.248,0.243,1.796,10.427,0.267,-4.624,1.462,0.023,913.973,,
21,,,,,,,,,,,,,,,,,,
21,,,,,,,,,,,,,,,,,,
21,,,,,,,,,,,,,,,,,,
21,,,,,,,,,,,,,,,,,,
21,,,,,,,,,,,,,,,,,,
21,,,,,,,,,,,,,,,,,,
21,,,,,,,,,,,,,,,,,,
21,,,,,,,,,,,,,,,,,,
21,,,,,,,,,,,,,,,,,,
21,,,,,,,,,,,,,,,,,,
21,1.1,,,1.341,0.023,0.016,0.035,,,,,0.26,-5.182,1.341,0.023,182.011,,
22,,,,,,,,,,,,,,,,,,
22,,,,,,,,,,,,,,,,,,
22,,,,,,,,,,,,,,,,,,
22,,,,,,,,,,,,,,,,,,
22,,,,,,,,,,,,,,,,,,
22,,,,,,,,,,,,,,,,,,
22,,,,,,,,,,,,,,,,,,
22,,,,,,,,,,,,,,,,,,
22,,,,,,,,,,,,,,,,,,
22,1.1,0.733,0.733,1.47,0.023,0.016,0.034,0.25,0.243,1.79,10.285,0.264,-4.705,1.47,0.023,719.393,,
22,,,,,,,,,,,,,,,,,,
22,,,,,,,,,,,,,,,,,,
22,,,,,,,,,,,,,,,,,,
22,,,,,,,,,,,,,,,,,,
22,,,,,,,,,,,,,,,,,,
22,,,,,,,,,,,,,,,,,,
22,,,,,,,,,,,,,,,,,,
22,,,,,,,,,,,,,,,,,,
22,,,,,,,,,,,,,,,,,,
22,,,,,,,,,,,,,,,,,,
22,1.1,,,1.176,0.023,0.016,0.035,,,,,0.258,-5.242,1.176,0.023,144.413,,
23,,,,,,,,,,,,,,,,,,
23,,,,,,,,,,,,,,,,,,
23,,,,,,,,,,,,,,,,,,
23,,,,,,,,,,,,,,,,,,
23,,,,,,,,,,,,,,,,,,
23,,,,,,,,,,,,,,,,,,
23,,,,,,,,,,,,,,,,,,
23,,,,,,,,,,,,,,,,,,
23,,,,,,,,,,,,,,,,,,
23,1.1,0.746,0.746,1.44,0.022,0.016,0.034,0.253,0.244,1.809,10.762,0.265,-4.797,1.44,0.022,757.696,,
23,,,,,,,,,,,,,,,,,,
23,,,,,,,,,,,,,,,,,,
23,,,,,,,,,,,,,,,,,,
23,,,,,,,,,,,,,,,,,,
23,,,,,,,,,,,,,,,,,,
23,,,,,,,,,,,,,,,,,,
23,,,,,,,,,,,,,,,,,,
23,,,,,,,,,,,,,,,,,,
23,,,,,,,,,,,,,,,,,,
23,,,,,,,,,,,,,,,,,,
23,1.1,,,1.179,0.022,0.016,0.035,,,,,0.261,-5.258,1.179,0.022,141.485,,
24,,,,,,,,,,,,,,,,,,
24,,,,,,,,,,,,,,,,,,
24,,,,,,,,,,,,,,,,,,
24,,,,,,,,,,,,,,,,,,
24,,,,,,,,,,,,,,,,,,
24,,,,,,,,,,,,,,,,,,
24,,,,,,,,,,,,,,,,,,
24,,,,,,,,,,,,,,,,,,
24,,,,,,,,,,,,,,,,,,
24,1.1,0.769,0.769,1.399,0.022,0.016,0.034,0.256,0.243,1.81,11.826,0.266,-4.837,1.399,0.022,715.93,,
24,,,,,,,,,,,,,,,,,,
24,,,,,,,,,,,,,,,,,,
24,,,,,,,,,,,,,,,,,,
24,,,,,,,,,,,,,,,,,,
24,,,,,,,,,,,,,,,,,,
24,,,,,,,,,,,,,,,,,,
24,,,,,,,,,,,,,,,,,,
24,,,,,,,,,,,,,,,,,,
24,,,,,,,,,,,,,,,,,,
24,,,,,,,,,,,,,,,,,,
24,1.1,,,1.365,0.022,0.016,0.035,,,,,0.261,-5.327,1.365,0.022,149.59,,
25,,,,,,,,,,,,,,,,,,
25,,,,,,,,,,,,,,,,,,
25,,,,,,,,,,,,,,,,,,
25,,,,,,,,,,,,,,,,,,
25,,,,,,,,,,,,,,,,,,
25,,,,,,,,,,,,,,,,,,
25,,,,,,,,,,,,,,,,,,
25,,,,,,,,,,,,,,,,,,
25,,,,,,,,,,,,,,,,,,
25,1.1,0.726,0.726,1.503,0.023,0.016,0.033,0.254,0.239,1.764,10.138,0.261,-4.878,1.503,0.023,705.244,,
25,,,,,,,,,,,,,,,,,,
25,,,,,,,,,,,,,,,,,,
25,,,,,,,,,,,,,,,,,,
25,,,,,,,,,,,,,,,,,,
25,,,,,,,,,,,,,,,,,,
25,,,,,,,,,,,,,,,,,,
25,,,,,,,,,,,,,,,,,,
25,,,,,,,,,,,,,,,,,,
25,,,,,,,,,,,,,,,,,,
25,,,,,,,,,,,,,,,,,,
25,1.1,,,1.387,0.023,0.016,0.035,,,,,0.258,-5.336,1.387,0.023,101.811,,
25,,,,,,,,,,,,,,,,,,
25,,,,,,,,,,,,,,,,,,
25,,,,,,,,,,,,,,,,,,
25,,,,,,,,,,,,,,,,,,
25,,,,,,,,,,,,,,,,,,
25,,,,,,,,,,,,,,,,,,
25,,,,,,,,,,,,,,,,,,
25,,,,,,,,,,,,,,,,,,
25,,,,,,,,,,,,,,,,,,
25,,,,,,,,,,,,,,,,,,
25,,,,,,,,,,,,,,,,,,
25,,,,,,,,,,,,,,,,,,
25,,,,,,,,,,,,,,,,,,
25,,,,,,,,,,,,,,,,,,
25,,,,,,,,,,,,,,,,,,
25,,,,,,,,,,,,,,,,,,
25,,,,,,,,,,,,,,,,,,
25,,,,,,,,,,,,,,,,,,
25,,,,,,,,,,,,,,,,,,
25,,,,,,,,,,,,,,,,,,
25,,,,,,,,,,,,,,,,116.318,-6.416,
25,,,,,,,,,,,,,,,,,,
25,,,,,,,,,,,,,,,,,,73.099
26,,,,,,,,,,,,,,,,,,
26,,,,,,,,,,,,,,,,,,
26,,,,,,,,,,,,,,,,,,
26,,,,,,,,,,,,,,,,,,
26,,,,,,,,,,,,,,,,,,
26,,,,,,,,,,,,,,,,,,
26,,,,,,,,,,,,,,,,,,
26,,,,,,,,,,,,,,,,,,
26,,,,,,,,,,,,,,,,,,
26,1.1,0.738,0.738,1.478,0.022,0.016,0.033,0.256,0.239,1.775,10.497,0.263,-4.897,1.478,0.022,724.087,,
26,,,,,,,,,,,,,,,,,,
26,,,,,,,,,,,,,,,,,,
26,,,,,,,,,,,,,,,,,,
26,,,,,,,,,,,,,,,,,,
26,,,,,,,,,,,,,,,,,,
26,,,,,,,,,,,,,,,,,,
26,,,,,,,,,,,,,,,,,,
26,,,,,,,,,,,,,,,,,,
26,,,,,,,,,,,,,,,,,,
26,,,,,,,,,,,,,,,,,,
26,1.1,,,1.327,0.022,0.016,0.035,,,,,0.259,-5.377,1.327,0.022,99.36,,
27,,,,,,,,,,,,,,,,,,
27,,,,,,,,,,,,,,,,,,
27,,,,,,,,,,,,,,,,,,
27,,,,,,,,,,,,,,,,,,
27,,,,,,,,,,,,,,,,,,
27,,,,,,,,,,,,,,,,,,
27,,,,,,,,,,,,,,,,,,
27,,,,,,,,,,,,,,,,,,
27,,,,,,,,,,,,,,,,,,
27,1.1,0.721,0.721,1.523,0.023,0.016,0.033,0.257,0.238,1.766,10.295,0.262,-4.967,1.523,0.023,685.233,,
27,,,,,,,,,,,,,,,,,,
27,,,,,,,,,,,,,,,,,,
27,,,,,,,,,,,,,,,,,,
27,,,,,,,,,,,,,,,,,,
27,,,,,,,,,,,,,,,,,,
27,,,,,,,,,,,,,,,,,,
27,,,,,,,,,,,,,,,,,,
27,,,,,,,,,,,,,,,,,,
27,,,,,,,,,,,,,,,,,,
27,,,,,,,,,,,,,,,,,,
27,1.1,,,1.437,0.022,0.016,0.034,,,,,0.257,-5.417,1.437,0.022,95.039,,
28,,,,,,,,,,,,,,,,,,
28,,,,,,,,,,,,,,,,,,
28,,,,,,,,,,,,,,,,,,
28,,,,,,,,,,,,,,,,,,
28,,,,,,,,,,,,,,,,,,
28,,,,,,,,,,,,,,,,,,
28,,,,,,,,,,,,,,,,,,
28,,,,,,,,,,,,,,,,,,
28,,,,,,,,,,,,,,,,,,
28,1.1,0.712,0.712,1.544,0.023,0.016,0.033,0.258,0.236,1.762,9.819,0.262,-5.004,1.544,0.023,699.829,,
28,,,,,,,,,,,,,,,,,,
28,,,,,,,,,,,,,,,,,,
28,,,,,,,,,,,,,,,,,,
28,,,,,,,,,,,,,,,,,,
28,,,,,,,,,,,,,,,,,,
28,,,,,,,,,,,,,,,,,,
28,,,,,,,,,,,,,,,,,,
28,,,,,,,,,,,,,,,,,,
28,,,,,,,,,,,,,,,,,,
28,,,,,,,,,,,,,,,,,,
28,1.1,,,1.741,0.022,0.016,0.034,,,,,0.258,-5.442,1.741,0.022,115.536,,
29,,,,,,,,,,,,,,,,,,
29,,,,,,,,,,,,,,,,,,
29,,,,,,,,,,,,,,,,,,
29,,,,,,,,,,,,,,,,,,
29,,,,,,,,,,,,,,,,,,
29,,,,,,,,,,,,,,,,,,
29,,,,,,,,,,,,,,,,,,
29,,,,,,,,,,,,,,,,,,
29,,,,,,,,,,,,,,,,,,
29,1.1,0.719,0.719,1.536,0.023,0.016,0.032,0.258,0.235,1.757,9.873,0.259,-5.052,1.536,0.023,687.809,,
29,,,,,,,,,,,,,,,,,,
29,,,,,,,,,,,,,,,,,,
29,,,,,,,,,,,,,,,,,,
29,,,,,,,,,,,,,,,,,,
29,,,,,,,,,,,,,,,,,,
29,,,,,,,,,,,,,,,,,,
29,,,,,,,,,,,,,,,,,,
29,,,,,,,,,,,,,,,,,,
29,,,,,,,,,,,,,,,,,,
29,,,,,,,,,,,,,,,,,,
29,1.1,,,1.424,0.022,0.016,0.034,,,,,0.256,-5.484,1.424,0.022,99.441,,
30,,,,,,,,,,,,,,,,,,
30,,,,,,,,,,,,,,,,,,
30,,,,,,,,,,,,,,,,,,
30,,,,,,,,,,,,,,,,,,
30,,,,,,,,,,,,,,,,,,
30,,,,,,,,,,,,,,,,,,
30,,,,,,,,,,,,,,,,,,
30,,,,,,,,,,,,,,,,,,
30,,,,,,,,,,,,,,,,,,
30,1.1,0.699,0.699,1.582,0.023,0.016,0.032,0.259,0.236,1.743,9.657,0.258,-5.095,1.582,0.023,687.637,,
30,,,,,,,,,,,,,,,,,,
30,,,,,,,,,,,,,,,,,,
30,,,,,,,,,,,,,,,,,,
30,,,,,,,,,,,,,,,,,,
30,,,,,,,,,,,,,,,,,,
30,,,,,,,,,,,,,,,,,,
30,,,,,,,,,,,,,,,,,,
30,,,,,,,,,,,,,,,,,,
30,,,,,,,,,,,,,,,,,,
30,,,,,,,,,,,,,,,,,,
30,1.1,,,1.561,0.023,0.016,0.034,,,,,0.255,-5.473,1.561,0.023,131.043,,
31,,,,,,,,,,,,,,,,,,
31,,,,,,,,,,,,,,,,,,
31,,,,,,,,,,,,,,,,,,
31,,,,,,,,,,,,,,,,,,
31,,,,,,,,,,,,,,,,,,
31,,,,,,,,,,,,,,,,,,
31,,,,,,,,,,,,,,,,,,
31,,,,,,,,,,,,,,,,,,
31,,,,,,,,,,,,,,,,,,
31,1.1,0.689,0.689,1.617,0.023,0.016,0.032,0.26,0.235,1.732,9.049,0.256,-5.134,1.617,0.023,694.158,,
31,,,,,,,,,,,,,,,,,,
31,,,,,,,,,,,,,,,,,,
31,,,,,,,,,,,,,,,,,,
31,,,,,,,,,,,,,,,,,,
31,,,,,,,,,,,,,,,,,,
31,,,,,,,,,,,,,,,,,,
31,,,,,,,,,,,,,,,,,,
31,,,,,,,,,,,,,,,,,,
31,,,,,,,,,,,,,,,,,,
31,,,,,,,,,,,,,,,,,,
31,1.1,,,1.737,0.023,0.015,0.034,,,,,0.257,-5.503,1.737,0.023,98.842,,
32,,,,,,,,,,,,,,,,,,
32,,,,,,,,,,,,,,,,,,
32,,,,,,,,,,,,,,,,,,
32,,,,,,,,,,,,,,,,,,
32,,,,,,,,,,,,,,,,,,
32,,,,,,,,,,,,,,,,,,
32,,,,,,,,,,,,,,,,,,
32,,,,,,,,,,,,,,,,,,
32,,,,,,,,,,,,,,,,,,
32,1.1,0.688,0.688,1.613,0.023,0.016,0.032,0.261,0.232,1.734,8.955,0.256,-5.151,1.613,0.023,694.015,,
32,,,,,,,,,,,,,,,,,,
32,,,,,,,,,,,,,,,,,,
32,,,,,,,,,,,,,,,,,,
32,,,,,,,,,,,,,,,,,,
32,,,,,,,,,,,,,,,,,,
32,,,,,,,,,,,,,,,,,,
32,,,,,,,,,,,,,,,,,,
32,,,,,,,,,,,,,,,,,,
32,,,,,,,,,,,,,,,,,,
32,,,,,,,,,,,,,,,,,,
32,1.1,,,1.745,0.023,0.015,0.034,,,,,0.255,-5.55,1.745,0.023,104.343,,
33,,,,,,,,,,,,,,,,,,
33,,,,,,,,,,,,,,,,,,
33,,,,,,,,,,,,,,,,,,
33,,,,,,,,,,,,,,,,,,
33,,,,,,,,,,,,,,,,,,
33,,,,,,,,,,,,,,,,,,
33,,,,,,,,,,,,,,,,,,
33,,,,,,,,,,,,,,,,,,
33,,,,,,,,,,,,,,,,,,
33,1.1,0.684,0.684,1.626,0.023,0.015,0.032,0.26,0.23,1.723,9.104,0.255,-5.205,1.626,0.023,708.727,,
33,,,,,,,,,,,,,,,,,,
33,,,,,,,,,,,,,,,,,,
33,,,,,,,,,,,,,,,,,,
33,,,,,,,,,,,,,,,,,,
33,,,,,,,,,,,,,,,,,,
33,,,,,,,,,,,,,,,,,,
33,,,,,,,,,,,,,,,,,,
33,,,,,,,,,,,,,,,,,,
33,,,,,,,,,,,,,,,,,,
33,,,,,,,,,,,,,,,,,,
33,1.1,,,1.577,0.024,0.015,0.034,,,,,0.253,-5.56,1.577,0.024,113.655,,
34,,,,,,,,,,,,,,,,,,
34,,,,,,,,,,,,,,,,,,
34,,,,,,,,,,,,,,,,,,
34,,,,,,,,,,,,,,,,,,
34,,,,,,,,,,,,,,,,,,
34,,,,,,,,,,,,,,,,,,
34,,,,,,,,,,,,,,,,,,
34,,,,,,,,,,,,,,,,,,
34,,,,,,,,,,,,,,,,,,
34,1.1,0.673,0.673,1.651,0.023,0.015,0.031,0.261,0.231,1.714,8.895,0.254,-5.258,1.651,0.023,737.698,,
34,,,,,,,,,,,,,,,,,,
34,,,,,,,,,,,,,,,,,,
34,,,,,,,,,,,,,,,,,,
34,,,,,,,,,,,,,,,,,,
34,,,,,,,,,,,,,,,,,,
34,,,,,,,,,,,,,,,,,,
34,,,,,,,,,,,,,,,,,,
34,,,,,,,,,,,,,,,,,,
34,,,,,,,,,,,,,,,,,,
34,,,,,,,,,,,,,,,,,,
34,1.1,,,1.832,0.024,0.015,0.034,,,,,0.251,-5.587,1.832,0.024,175.068,,
35,,,,,,,,,,,,,,,,,,
35,,,,,,,,,,,,,,,,,,
35,,,,,,,,,,,,,,,,,,
35,,,,,,,,,,,,,,,,,,
35,,,,,,,,,,,,,,,,,,
35,,,,,,,,,,,,,,,,,,
35,,,,,,,,,,,,,,,,,,
35,,,,,,,,,,,,,,,,,,
35,,,,,,,,,,,,,,,,,,
35,1.1,0.67,0.67,1.663,0.024,0.015,0.031,0.262,0.229,1.714,8.863,0.252,-5.241,1.663,0.024,775.537,,
35,,,,,,,,,,,,,,,,,,
35,,,,,,,,,,,,,,,,,,
35,,,,,,,,,,,,,,,,,,
35,,,,,,,,,,,,,,,,,,
35,,,,,,,,,,,,,,,,,,
35,,,,,,,,,,,,,,,,,,
35,,,,,,,,,,,,,,,,,,
35,,,,,,,,,,,,,,,,,,
35,,,,,,,,,,,,,,,,,,
35,,,,,,,,,,,,,,,,,,
35,1.1,,,1.695,0.024,0.015,0.033,,,,,0.252,-5.59,1.695,0.024,111.336,,
36,,,,,,,,,,,,,,,,,,
36,,,,,,,,,,,,,,,,,,
36,,,,,,,,,,,,,,,,,,
36,,,,,,,,,,,,,,,,,,
36,,,,,,,,,,,,,,,,,,
36,,,,,,,,,,,,,,,,,,
36,,,,,,,,,,,,,,,,,,
36,,,,,,,,,,,,,,,,,,
36,,,,,,,,,,,,,,,,,,
36,1.1,0.667,0.667,1.675,0.024,0.015,0.031,0.262,0.229,1.704,8.633,0.251,-5.274,1.675,0.024,699.813,,
36,,,,,,,,,,,,,,,,,,
36,,,,,,,,,,,,,,,,,,
36,,,,,,,,,,,,,,,,,,
36,,,,,,,,,,,,,,,,,,
36,,,,,,,,,,,,,,,,,,
36,,,,,,,,,,,,,,,,,,
36,,,,,,,,,,,,,,,,,,
36,,,,,,,,,,,,,,,,,,
36,,,,,,,,,,,,,,,,,,
36,,,,,,,,,,,,,,,,,,
36,1.1,,,1.529,0.025,0.015,0.033,,,,,0.251,-5.622,1.529,0.025,96.005,,
37,,,,,,,,,,,,,,,,,,
37,,,,,,,,,,,,,,,,,,
37,,,,,,,,,,,,,,,,,,
37,,,,,,,,,,,,,,,,,,
37,,,,,,,,,,,,,,,,,,
37,,,,,,,,,,,,,,,,,,
37,,,,,,,,,,,,,,,,,,
37,,,,,,,,,,,,,,,,,,
37,,,,,,,,,,,,,,,,,,
37,1.1,0.664,0.664,1.684,0.024,0.015,0.031,0.263,0.229,1.704,8.632,0.251,-5.342,1.684,0.024,717.898,,
37,,,,,,,,,,,,,,,,,,
37,,,,,,,,,,,,,,,,,,
37,,,,,,,,,,,,,,,,,,
37,,,,,,,,,,,,,,,,,,
37,,,,,,,,,,,,,,,,,,
37,,,,,,,,,,,,,,,,,,
37,,,,,,,,,,,,,,,,,,
37,,,,,,,,,,,,,,,,,,
37,,,,,,,,,,,,,,,,,,
37,,,,,,,,,,,,,,,,,,
37,1.1,,,1.522,0.024,0.015,0.033,,,,,0.252,-5.63,1.522,0.024,138.877,,
38,,,,,,,,,,,,,,,,,,
38,,,,,,,,,,,,,,,,,,
38,,,,,,,,,,,,,,,,,,
38,,,,,,,,,,,,,,,,,,
38,,,,,,,,,,,,,,,,,,
38,,,,,,,,,,,,,,,,,,
38,,,,,,,,,,,,,,,,,,
38,,,,,,,,,,,,,,,,,,
38,,,,,,,,,,,,,,,,,,
38,1.1,0.657,0.657,1.697,0.024,0.015,0.031,0.262,0.228,1.697,8.449,0.253,-5.354,1.697,0.024,719.382,,
38,,,,,,,,,,,,,,,,,,
38,,,,,,,,,,,,,,,,,,
38,,,,,,,,,,,,,,,,,,
38,,,,,,,,,,,,,,,,,,
38,,,,,,,,,,,,,,,,,,
38,,,,,,,,,,,,,,,,,,
38,,,,,,,,,,,,,,,,,,
38,,,,,,,,,,,,,,,,,,
38,,,,,,,,,,,,,,,,,,
38,,,,,,,,,,,,,,,,,,
38,1.1,,,1.706,0.024,0.015,0.033,,,,,0.253,-5.644,1.706,0.024,108.38,,
39,,,,,,,,,,,,,,,,,,
39,,,,,,,,,,,,,,,,,,
39,,,,,,,,,,,,,,,,,,
39,,,,,,,,,,,,,,,,,,
39,,,,,,,,,,,,,,,,,,
39,,,,,,,,,,,,,,,,,,
39,,,,,,,,,,,,,,,,,,
39,,,,,,,,,,,,,,,,,,
39,,,,,,,,,,,,,,,,,,
39,1.1,0.651,0.651,1.72,0.024,0.015,0.031,0.264,0.231,1.695,8.518,0.251,-5.375,1.72,0.024,719.374,,
39,,,,,,,,,,,,,,,,,,
39,,,,,,,,,,,,,,,,,,
39,,,,,,,,,,,,,,,,,,
39,,,,,,,,,,,,,,,,,,
39,,,,,,,,,,,,,,,,,,
39,,,,,,,,,,,,,,,,,,
39,,,,,,,,,,,,,,,,,,
39,,,,,,,,,,,,,,,,,,
39,,,,,,,,,,,,,,,,,,
39,,,,,,,,,,,,,,,,,,
39,1.1,,,1.759,0.025,0.015,0.033,,,,,0.252,-5.675,1.759,0.025,101.191,,
40,,,,,,,,,,,,,,,,,,
40,,,,,,,,,,,,,,,,,,
40,,,,,,,,,,,,,,,,,,
40,,,,,,,,,,,,,,,,,,
40,,,,,,,,,,,,,,,,,,
40,,,,,,,,,,,,,,,,,,
40,,,,,,,,,,,,,,,,,,
40,,,,,,,,,,,,,,,,,,
40,,,,,,,,,,,,,,,,,,
40,1.1,0.646,0.646,1.738,0.024,0.015,0.031,0.265,0.23,1.692,8.393,0.251,-5.42,1.738,0.024,697.08,,
40,,,,,,,,,,,,,,,,,,
40,,,,,,,,,,,,,,,,,,
40,,,,,,,,,,,,,,,,,,
40,,,,,,,,,,,,,,,,,,
40,,,,,,,,,,,,,,,,,,
40,,,,,,,,,,,,,,,,,,
40,,,,,,,,,,,,,,,,,,
40,,,,,,,,,,,,,,,,,,
40,,,,,,,,,,,,,,,,,,
40,,,,,,,,,,,,,,,,,,
40,1.1,,,1.938,0.025,0.015,0.033,,,,,0.252,-5.653,1.938,0.025,106.11,,
41,,,,,,,,,,,,,,,,,,
41,,,,,,,,,,,,,,,,,,
41,,,,,,,,,,,,,,,,,,
41,,,,,,,,,,,,,,,,,,
41,,,,,,,,,,,,,,,,,,
41,,,,,,,,,,,,,,,,,,
41,,,,,,,,,,,,,,,,,,
41,,,,,,,,,,,,,,,,,,
41,,,,,,,,,,,,,,,,,,
41,1.1,0.644,0.644,1.742,0.024,0.015,0.031,0.265,0.23,1.686,8.317,0.249,-5.444,1.742,0.024,691.008,,
41,,,,,,,,,,,,,,,,,,
41,,,,,,,,,,,,,,,,,,
41,,,,,,,,,,,,,,,,,,
41,,,,,,,,,,,,,,,,,,
41,,,,,,,,,,,,,,,,,,
41,,,,,,,,,,,,,,,,,,
41,,,,,,,,,,,,,,,,,,
41,,,,,,,,,,,,,,,,,,
41,,,,,,,,,,,,,,,,,,
41,,,,,,,,,,,,,,,,,,
41,1.1,,,1.727,0.025,0.015,0.033,,,,,0.251,-5.673,1.727,0.025,114.243,,
42,,,,,,,,,,,,,,,,,,
42,,,,,,,,,,,,,,,,,,
42,,,,,,,,,,,,,,,,,,
42,,,,,,,,,,,,,,,,,,
42,,,,,,,,,,,,,,,,,,
42,,,,,,,,,,,,,,,,,,
42,,,,,,,,,,,,,,,,,,
42,,,,,,,,,,,,,,,,,,
42,,,,,,,,,,,,,,,,,,
42,1.1,0.639,0.639,1.755,0.025,0.015,0.03,0.264,0.229,1.679,8.418,0.25,-5.422,1.755,0.025,719.013,,
42,,,,,,,,,,,,,,,,,,
42,,,,,,,,,,,,,,,,,,
42,,,,,,,,,,,,,,,,,,
42,,,,,,,,,,,,,,,,,,
42,,,,,,,,,,,,,,,,,,
42,,,,,,,,,,,,,,,,,,
42,,,,,,,,,,,,,,,,,,
42,,,,,,,,,,,,,,,,,,
42,,,,,,,,,,,,,,,,,,
42,,,,,,,,,,,,,,,,,,
42,1.1,,,1.632,0.026,0.015,0.033,,,,,0.251,-5.671,1.632,0.026,183.759,,
43,,,,,,,,,,,,,,,,,,
43,,,,,,,,,,,,,,,,,,
43,,,,,,,,,,,,,,,,,,
43,,,,,,,,,,,,,,,,,,
43,,,,,,,,,,,,,,,,,,
43,,,,,,,,,,,,,,,,,,
43,,,,,,,,,,,,,,,,,,
43,,,,,,,,,,,,,,,,,,
43,,,,,,,,,,,,,,,,,,
43,1.1,0.631,0.631,1.777,0.025,0.015,0.03,0.265,0.228,1.678,8.418,0.25,-5.455,1.777,0.025,708.07,,
43,,,,,,,,,,,,,,,,,,
43,,,,,,,,,,,,,,,,,,
43,,,,,,,,,,,,,,,,,,
43,,,,,,,,,,,,,,,,,,
43,,,,,,,,,,,,,,,,,,
43,,,,,,,,,,,,,,,,,,
43,,,,,,,,,,,,,,,,,,
43,,,,,,,,,,,,,,,,,,
43,,,,,,,,,,,,,,,,,,
43,,,,,,,,,,,,,,,,,,
43,1.1,,,1.666,0.026,0.015,0.033,,,,,0.253,-5.718,1.666,0.026,156.885,,
44,,,,,,,,,,,,,,,,,,
44,,,,,,,,,,,,,,,,,,
44,,,,,,,,,,,,,,,,,,
44,,,,,,,,,,,,,,,,,,
44,,,,,,,,,,,,,,,,,,
44,,,,,,,,,,,,,,,,,,
44,,,,,,,,,,,,,,,,,,
44,,,,,,,,,,,,,,,,,,
44,,,,,,,,,,,,,,,,,,
44,1.1,0.618,0.618,1.786,0.025,0.015,0.03,0.264,0.227,1.67,8.66,0.252,-5.5,1.786,0.025,693.635,,
44,,,,,,,,,,,,,,,,,,
44,,,,,,,,,,,,,,,,,,
44,,,,,,,,,,,,,,,,,,
44,,,,,,,,,,,,,,,,,,
44,,,,,,,,,,,,,,,,,,
44,,,,,,,,,,,,,,,,,,
44,,,,,,,,,,,,,,,,,,
44,,,,,,,,,,,,,,,,,,
44,,,,,,,,,,,,,,,,,,
44,,,,,,,,,,,,,,,,,,
44,1.1,,,1.728,0.026,0.015,0.033,,,,,0.252,-5.717,1.728,0.026,132.822,,
45,,,,,,,,,,,,,,,,,,
45,,,,,,,,,,,,,,,,,,
45,,,,,,,,,,,,,,,,,,
45,,,,,,,,,,,,,,,,,,
45,,,,,,,,,,,,,,,,,,
45,,,,,,,,,,,,,,,,,,
45,,,,,,,,,,,,,,,,,,
45,,,,,,,,,,,,,,,,,,
45,,,,,,,,,,,,,,,,,,
45,1.1,0.618,0.618,1.787,0.026,0.015,0.03,0.265,0.228,1.668,8.899,0.251,-5.54,1.787,0.026,721.542,,
45,,,,,,,,,,,,,,,,,,
45,,,,,,,,,,,,,,,,,,
45,,,,,,,,,,,,,,,,,,
45,,,,,,,,,,,,,,,,,,
45,,,,,,,,,,,,,,,,,,
45,,,,,,,,,,,,,,,,,,
45,,,,,,,,,,,,,,,,,,
45,,,,,,,,,,,,,,,,,,
45,,,,,,,,,,,,,,,,,,
45,,,,,,,,,,,,,,,,,,
45,1.1,,,1.822,0.026,0.015,0.033,,,,,0.255,-5.734,1.822,0.026,99.597,,
46,,,,,,,,,,,,,,,,,,
46,,,,,,,,,,,,,,,,,,
46,,,,,,,,,,,,,,,,,,
46,,,,,,,,,,,,,,,,,,
46,,,,,,,,,,,,,,,,,,
46,,,,,,,,,,,,,,,,,,
46,,,,,,,,,,,,,,,,,,
46,,,,,,,,,,,,,,,,,,
46,,,,,,,,,,,,,,,,,,
46,1.1,0.62,0.62,1.781,0.026,0.015,0.03,0.265,0.226,1.662,8.987,0.25,-5.523,1.781,0.026,738.76,,
46,,,,,,,,,,,,,,,,,,
46,,,,,,,,,,,,,,,,,,
46,,,,,,,,,,,,,,,,,,
46,,,,,,,,,,,,,,,,,,
46,,,,,,,,,,,,,,,,,,
46,,,,,,,,,,,,,,,,,,
46,,,,,,,,,,,,,,,,,,
46,,,,,,,,,,,,,,,,,,
46,,,,,,,,,,,,,,,,,,
46,,,,,,,,,,,,,,,,,,
46,1.1,,,1.576,0.026,0.015,0.033,,,,,0.252,-5.745,1.576,0.026,108.783,,
47,,,,,,,,,,,,,,,,,,
47,,,,,,,,,,,,,,,,,,
47,,,,,,,,,,,,,,,,,,
47,,,,,,,,,,,,,,,,,,
47,,,,,,,,,,,,,,,,,,
47,,,,,,,,,,,,,,,,,,
47,,,,,,,,,,,,,,,,,,
47,,,,,,,,,,,,,,,,,,
47,,,,,,,,,,,,,,,,,,
47,1.1,0.615,0.615,1.795,0.026,0.015,0.03,0.266,0.227,1.661,8.881,0.25,-5.548,1.795,0.026,770.214,,
47,,,,,,,,,,,,,,,,,,
47,,,,,,,,,,,,,,,,,,
47,,,,,,,,,,,,,,,,,,
47,,,,,,,,,,,,,,,,,,
47,,,,,,,,,,,,,,,,,,
47,,,,,,,,,,,,,,,,,,
47,,,,,,,,,,,,,,,,,,
47,,,,,,,,,,,,,,,,,,
47,,,,,,,,,,,,,,,,,,
47,,,,,,,,,,,,,,,,,,
47,1.1,,,2.011,0.026,0.015,0.033,,,,,0.252,-5.747,2.011,0.026,105.925,,
48,,,,,,,,,,,,,,,,,,
48,,,,,,,,,,,,,,,,,,
48,,,,,,,,,,,,,,,,,,
48,,,,,,,,,,,,,,,,,,
48,,,,,,,,,,,,,,,,,,
48,,,,,,,,,,,,,,,,,,
48,,,,,,,,,,,,,,,,,,
48,,,,,,,,,,,,,,,,,,
48,,,,,,,,,,,,,,,,,,
48,1.1,0.621,0.621,1.778,0.026,0.015,0.03,0.266,0.227,1.654,8.869,0.25,-5.567,1.778,0.026,695.579,,
48,,,,,,,,,,,,,,,,,,
48,,,,,,,,,,,,,,,,,,
48,,,,,,,,,,,,,,,,,,
48,,,,,,,,,,,,,,,,,,
48,,,,,,,,,,,,,,,,,,
48,,,,,,,,,,,,,,,,,,
48,,,,,,,,,,,,,,,,,,
48,,,,,,,,,,,,,,,,,,
48,,,,,,,,,,,,,,,,,,
48,,,,,,,,,,,,,,,,,,
48,1.1,,,1.948,0.026,0.015,0.033,,,,,0.251,-5.774,1.948,0.026,115.027,,
49,,,,,,,,,,,,,,,,,,
49,,,,,,,,,,,,,,,,,,
49,,,,,,,,,,,,,,,,,,
49,,,,,,,,,,,,,,,,,,
49,,,,,,,,,,,,,,,,,,
49,,,,,,,,,,,,,,,,,,
49,,,,,,,,,,,,,,,,,,
49,,,,,,,,,,,,,,,,,,
49,,,,,,,,,,,,,,,,,,
49,1.1,0.617,0.617,1.779,0.026,0.015,0.03,0.266,0.227,1.653,8.833,0.25,-5.601,1.779,0.026,683.389,,
49,,,,,,,,,,,,,,,,,,
49,,,,,,,,,,,,,,,,,,
49,,,,,,,,,,,,,,,,,,
49,,,,,,,,,,,,,,,,,,
49,,,,,,,,,,,,,,,,,,
49,,,,,,,,,,,,,,,,,,
49,,,,,,,,,,,,,,,,,,
49,,,,,,,,,,,,,,,,,,
49,,,,,,,,,,,,,,,,,,
49,,,,,,,,,,,,,,,,,,
49,1.1,,,1.696,0.027,0.015,0.033,,,,,0.253,-5.768,1.696,0.027,99.076,,
50,,,,,,,,,,,,,,,,,,
50,,,,,,,,,,,,,,,,,,
50,,,,,,,,,,,,,,,,,,
50,,,,,,,,,,,,,,,,,,
50,,,,,,,,,,,,,,,,,,
50,,,,,,,,,,,,,,,,,,
50,,,,,,,,,,,,,,,,,,
50,,,,,,,,,,,,,,,,,,
50,,,,,,,,,,,,,,,,,,
50,1.1,0.616,0.616,1.79,0.027,0.015,0.03,0.266,0.227,1.652,8.979,0.248,-5.628,1.79,0.027,694.282,,
50,,,,,,,,,,,,,,,,,,
50,,,,,,,,,,,,,,,,,,
50,,,,,,,,,,,,,,,,,,
50,,,,,,,,,,,,,,,,,,
50,,,,,,,,,,,,,,,,,,
50,,,,,,,,,,,,,,,,,,
50,,,,,,,,,,,,,,,,,,
50,,,,,,,,,,,,,,,,,,
50,,,,,,,,,,,,,,,,,,
50,,,,,,,,,,,,,,,,,,
50,1.1,,,1.654,0.028,0.015,0.033,,,,,0.252,-5.79,1.654,0.028,121.878,,
50,,,,,,,,,,,,,,,,,,
50,,,,,,,,,,,,,,,,,,
50,,,,,,,,,,,,,,,,,,
50,,,,,,,,,,,,,,,,,,
50,,,,,,,,,,,,,,,,,,
50,,,,,,,,,,,,,,,,,,
50,,,,,,,,,,,,,,,,,,
50,,,,,,,,,,,,,,,,,,
50,,,,,,,,,,,,,,,,,,
50,,,,,,,,,,,,,,,,,,
50,,,,,,,,,,,,,,,,,,
50,,,,,,,,,,,,,,,,,,
50,,,,,,,,,,,,,,,,,,
50,,,,,,,,,,,,,,,,,,
50,,,,,,,,,,,,,,,,,,
50,,,,,,,,,,,,,,,,,,
50,,,,,,,,,,,,,,,,,,
50,,,,,,,,,,,,,,,,,,
50,,,,,,,,,,,,,,,,,,
50,,,,,,,,,,,,,,,,,,
50,,,,,,,,,,,,,,,,122.998,-6.803,
50,,,,,,,,,,,,,,,,,,
50,,,,,,,,,,,,,,,,,,74.721
